L,N,freq01,freq02,freq03,freq04,freq05,freq06,freq07,freq08,freq09,freq10,freq11,freq12,freq13,freq14,freq15,freq16,freq17,freq18,freq19,freq20,freq21,freq22,freq23,freq24,freq25,freq26,freq27,freq28,freq29,freq30,freq31,freq32,freq33,freq34,freq35,freq36,freq37,freq38,freq39,freq40,
18,80,0.000,0.000,0.000,0.000,0.000,0.032,0.037,0.041,0.044,0.048,0.054,0.061,0.292,0.658,0.671,0.835,1.103,3.279,3.883,5.333,6.714,6.921,7.698,7.629,8.647,9.855,11.080,12.944,14.291,18.968,24.042,27.839,30.204,33.138,19.900,6.904,4.159,2.969,0.520,0.385,
18,81,0.000,0.000,0.000,0.000,0.000,0.031,0.037,0.040,0.044,0.048,0.053,0.060,0.295,0.659,0.687,0.844,1.103,3.538,4.194,5.747,7.111,7.404,8.181,8.077,9.044,10.321,11.598,13.531,14.964,19.727,25.009,28.478,31.067,34.001,20.573,7.180,4.298,3.072,0.511,0.376,
18,82,0.000,0.000,0.000,0.000,0.000,0.030,0.036,0.039,0.043,0.048,0.053,0.059,0.068,0.616,0.647,0.806,1.055,3.590,4.332,5.851,7.128,7.560,8.319,8.129,8.768,9.993,11.219,13.065,14.412,18.985,24.042,27.787,30.204,32.965,19.814,6.904,4.125,2.969,0.504,0.373,
18,83,0.000,0.000,0.000,0.000,0.000,0.030,0.037,0.040,0.044,0.048,0.053,0.060,0.068,0.602,0.623,0.766,1.020,3.693,4.487,5.972,7.111,7.646,8.405,8.112,8.457,9.665,10.822,12.565,13.842,18.088,22.834,26.303,28.305,31.239,18.830,6.593,3.952,2.848,0.514,0.381,
18,84,0.000,0.000,0.000,0.000,0.000,0.028,0.036,0.039,0.042,0.047,0.052,0.059,0.067,0.559,0.571,0.704,0.939,3.711,4.522,5.920,7.007,7.594,8.267,7.922,7.853,8.871,9.941,11.477,12.599,16.379,20.659,23.835,25.941,28.478,16.862,5.920,3.538,0.744,0.501,0.371,
18,85,0.000,0.000,0.000,0.000,0.000,0.003,0.036,0.039,0.043,0.047,0.052,0.060,0.067,0.535,0.542,0.666,0.880,3.417,4.211,5.471,6.403,6.990,7.629,7.301,7.197,8.146,9.096,10.511,11.529,14.947,18.830,21.695,23.611,25.941,15.361,5.402,3.227,0.746,0.504,0.375,
18,86,0.000,0.000,0.000,0.000,0.000,0.003,0.036,0.039,0.043,0.047,0.053,0.059,0.285,0.501,0.521,0.659,0.820,3.003,3.745,4.815,5.661,6.162,6.714,6.438,6.334,7.145,8.026,9.251,10.148,13.152,16.552,19.020,20.746,22.869,13.583,4.764,2.848,0.749,0.507,0.376,
18,87,0.000,0.000,0.000,0.000,0.000,0.031,0.036,0.036,0.041,0.045,0.052,0.058,0.305,0.585,0.595,0.730,0.968,2.831,3.452,4.574,5.471,5.868,6.455,6.265,6.610,7.594,8.543,9.924,10.942,14.325,18.019,20.556,22.472,24.560,14.722,5.161,3.107,0.747,0.506,0.375,
18,88,0.000,0.000,0.000,0.000,0.000,0.031,0.033,0.037,0.041,0.047,0.052,0.060,0.319,0.606,0.609,0.759,0.989,1.198,3.072,4.125,5.022,5.333,5.885,5.765,6.282,7.197,8.129,9.510,10.476,13.773,17.380,19.814,21.678,23.714,14.342,5.005,3.003,0.765,0.518,0.383,
18,89,0.000,0.000,0.000,0.000,0.000,0.030,0.034,0.038,0.042,0.047,0.053,0.060,0.333,0.658,0.666,0.828,1.065,1.267,3.210,4.349,5.385,5.644,6.213,6.127,6.869,7.853,8.889,10.425,11.529,15.240,19.227,21.885,23.921,25.975,15.585,5.385,3.245,0.751,0.506,0.373,
18,90,0.000,0.000,0.000,0.000,0.000,0.029,0.035,0.039,0.041,0.045,0.052,0.059,0.333,0.683,0.685,0.849,1.091,1.291,3.210,4.436,5.454,5.747,6.282,6.231,6.990,8.095,9.130,10.701,11.840,15.602,19.779,22.506,24.508,26.683,16.206,5.575,3.348,0.751,0.514,0.380,
18,91,0.000,0.000,0.000,0.000,0.000,0.003,0.033,0.039,0.040,0.045,0.052,0.059,0.331,0.635,0.649,0.815,1.053,1.243,3.210,4.229,5.212,5.488,6.023,5.920,6.524,7.491,8.405,9.872,10.942,14.377,18.122,20.470,22.454,24.353,14.722,5.074,3.072,0.747,0.504,0.368,
18,92,0.000,0.000,0.000,0.000,0.000,0.003,0.035,0.038,0.039,0.044,0.052,0.059,0.338,0.670,0.685,0.861,1.089,1.291,3.141,4.280,5.402,5.575,6.144,6.041,6.679,7.715,8.716,10.269,11.357,15.085,18.933,21.384,23.524,25.596,15.482,5.333,3.210,0.754,0.513,0.375,
18,93,0.000,0.000,0.000,0.000,0.000,0.029,0.035,0.036,0.039,0.044,0.051,0.057,0.338,0.687,0.690,0.877,1.099,1.289,3.089,4.263,5.333,5.523,6.093,6.058,6.869,7.801,8.889,10.425,11.546,15.257,19.244,21.747,23.852,25.906,15.723,5.437,3.279,0.739,0.502,0.369,
18,94,0.000,0.000,0.000,0.000,0.000,0.030,0.035,0.037,0.040,0.044,0.052,0.058,0.338,0.685,0.699,0.891,1.117,1.298,3.038,4.142,5.264,5.385,6.006,5.954,6.714,7.715,8.785,10.287,11.426,15.154,19.106,21.609,23.714,25.785,15.723,5.368,3.245,0.746,0.509,0.373,
18,95,0.000,0.000,0.000,0.000,0.000,0.029,0.034,0.035,0.038,0.044,0.051,0.285,0.354,0.720,0.728,0.925,1.143,1.326,3.176,4.384,5.540,5.713,6.334,6.265,7.025,8.043,9.199,10.804,11.978,15.913,20.038,22.592,24.871,27.011,16.483,5.609,3.383,0.728,0.495,0.364,
18,96,0.000,0.000,0.000,0.000,0.000,0.030,0.036,0.037,0.040,0.045,0.053,0.290,0.350,0.702,0.716,0.911,1.136,1.327,3.176,4.349,5.437,5.627,6.231,6.110,6.731,7.715,8.750,10.269,11.374,15.033,18.899,21.281,23.473,25.561,15.637,5.368,3.210,0.763,0.518,0.381,
18,97,0.000,0.000,0.000,0.000,0.000,0.030,0.036,0.037,0.040,0.046,0.053,0.293,0.361,0.730,0.746,0.948,1.170,1.360,3.348,4.591,5.713,5.954,6.541,6.438,7.042,8.095,9.199,10.787,11.943,15.792,19.848,22.282,24.594,26.717,16.293,5.575,3.348,0.749,0.507,0.375,
